{"XBTUSD": 0.8215838362577491, "btc": 0.8215838362577491}