{"BTC-27DEC19": 8.482366224104982e-07, "BTC-27MAR20": 2.9324774384683124e-16, "BTC-PERPETUAL": 0.3098582474231384, "btc": 0.37558895529338404}